Originating URL,Crawl date,Alternate URL
https://iprice.my/too-cool-for-school/makeup/face/,12/12/18,https://ipricethailand.com/too-cool-for-school/%E0%B9%80%E0%B8%84%E0%B8%A3%E0%B8%AD%E0%B8%87%E0%B8%AA%E0%B8%B3%E0%B8%AD%E0%B8%B2%E0%B8%87/%E0%B9%83%E0%B8%9A%E0%B8%AB%E0%B8%99%E0%B8%B2/
https://iprice.my/adidas/ultraboost/laceless/shoes/sports/running/,12/11/18,https://iprice.co.id/adidas/ultraboost/laceless/sepatu/olahraga/lari/
https://iprice.my/mastela/baby-gear/activity/bouncers/,12/11/18,https://iprice.co.id/mastela/perlengkapan-bayi/aktivitas/bouncer/
https://iprice.my/nike/mercurial/vapor/shoes/sports/football-futsal/,12/11/18,https://iprice.co.id/nike/mercurial/vapor/sepatu/olahraga/sepakbola-futsal/
https://iprice.my/serta/home-office/chairs/,12/11/18,https://iprice.co.id/serta/ruang-kerja/kursi/
https://iprice.my/adidas/ultraboost/laceless/shoes/sports/running/,12/11/18,https://iprice.ph/adidas/ultraboost/laceless/shoes/sports/running/
https://iprice.my/serta/home-office/chairs/,12/11/18,https://iprice.ph/serta/home-office/chairs/
https://iprice.my/xixili%C2%A0/,12/11/18,https://iprice.ph/xixili%C2%A0/
https://iprice.my/kose/makeup/face/,12/11/18,https://ipricethailand.com/kose/%E0%B9%80%E0%B8%84%E0%B8%A3%E0%B8%AD%E0%B8%87%E0%B8%AA%E0%B8%B3%E0%B8%AD%E0%B8%B2%E0%B8%87/%E0%B9%83%E0%B8%9A%E0%B8%AB%E0%B8%99%E0%B8%B2/
https://iprice.my/physicians-formula/makeup/face/,12/11/18,https://ipricethailand.com/physicians-formula/%E0%B9%80%E0%B8%84%E0%B8%A3%E0%B8%AD%E0%B8%87%E0%B8%AA%E0%B8%B3%E0%B8%AD%E0%B8%B2%E0%B8%87/%E0%B9%83%E0%B8%9A%E0%B8%AB%E0%B8%99%E0%B8%B2/
https://iprice.my/adidas/ultraboost/laceless/shoes/sports/running/,12/11/18,https://iprice.sg/adidas/ultraboost/laceless/shoes/sports/running/
https://iprice.my/videng-polo/bags/schools/,12/11/18,https://iprice.sg/videng-polo/bags/schools/
https://iprice.my/adidas/ultraboost/laceless/shoes/sports/running/,12/11/18,https://iprice.vn/adidas/ultraboost/laceless/giay-dep/the-thao/chay-bo/
https://iprice.my/kose/makeup/face/,12/11/18,https://iprice.vn/kose/trang-diem/mat/
https://iprice.my/physicians-formula/makeup/face/,12/11/18,https://iprice.vn/physicians-formula/trang-diem/mat/
https://iprice.my/xixili%C2%A0/,12/11/18,https://iprice.hk/xixili%C2%A0/
https://iprice.my/bianca-chandon/,12/10/18,https://iprice.co.id/bianca-chandon/
https://iprice.my/bosch/makeup/accessories/brushes/,12/10/18,https://iprice.co.id/bosch/makeup/aksesoris/kuas/
https://iprice.my/chanel/shoes/flats/,12/10/18,https://iprice.co.id/chanel/sepatu/teplek/
https://iprice.my/nike/mercurial/vapor/,12/10/18,https://iprice.co.id/nike/mercurial/vapor/
https://iprice.my/chanel/shoes/flats/,12/10/18,https://iprice.ph/chanel/shoes/flats/
https://iprice.my/jaguar/clothing/belts/,12/10/18,https://iprice.ph/jaguar/clothing/belts/
https://iprice.my/nike/mercurial/vapor/,12/10/18,https://iprice.ph/nike/mercurial/vapor/
https://iprice.my/no/clothing/belts/,12/10/18,https://iprice.ph/no/clothing/belts/
https://iprice.my/seobean/clothing/swimwear/shorts/,12/10/18,https://iprice.ph/seobean/clothing/swimwear/shorts/
https://iprice.my/murad/skin-care/eyes/,12/10/18,https://ipricethailand.com/murad/%E0%B8%9C%E0%B8%A5%E0%B8%95%E0%B8%A0%E0%B8%93%E0%B8%91%E0%B8%94%E0%B9%81%E0%B8%A5%E0%B8%9C%E0%B8%A7/%E0%B8%94%E0%B8%A7%E0%B8%87%E0%B8%95%E0%B8%B2/
https://iprice.my/no/clothing/belts/,12/10/18,https://ipricethailand.com/no/%E0%B9%80%E0%B8%84%E0%B8%A3%E0%B8%AD%E0%B8%87%E0%B9%81%E0%B8%95%E0%B8%87%E0%B8%81%E0%B8%B2%E0%B8%A2/%E0%B9%80%E0%B8%82%E0%B8%A1%E0%B8%82%E0%B8%94/
https://iprice.my/peripera/makeup/face/,12/10/18,https://ipricethailand.com/peripera/%E0%B9%80%E0%B8%84%E0%B8%A3%E0%B8%AD%E0%B8%87%E0%B8%AA%E0%B8%B3%E0%B8%AD%E0%B8%B2%E0%B8%87/%E0%B9%83%E0%B8%9A%E0%B8%AB%E0%B8%99%E0%B8%B2/
https://iprice.my/roger-gallet/perfume/women/,12/10/18,https://ipricethailand.com/roger-gallet/%E0%B8%99%E0%B8%B3%E0%B8%AB%E0%B8%AD%E0%B8%A1/%E0%B8%9C%E0%B8%AB%E0%B8%8D%E0%B8%87/
https://iprice.my/aldo/clothing/belts/,12/10/18,https://iprice.sg/aldo/clothing/belts/
https://iprice.my/amart/clothing/semi-formal-attire/,12/10/18,https://iprice.sg/amart/clothing/semi-formal-attire/
https://iprice.my/le-cortina-by-andrea-ventura/shoes/boots/,12/10/18,https://iprice.sg/le-cortina-by-andrea-ventura/shoes/boots/
https://iprice.my/lerre/shoes/boots/,12/10/18,https://iprice.sg/lerre/shoes/boots/
https://iprice.my/roger-gallet/perfume/women/,12/10/18,https://iprice.sg/roger-gallet/perfume/women/
https://iprice.my/murad/skin-care/eyes/,12/10/18,https://iprice.vn/murad/cham-soc-da/mat/
https://iprice.my/nike/toys/,12/10/18,https://iprice.vn/nike/do-choi/
https://iprice.my/people/shoes/,12/10/18,https://iprice.vn/people/giay-dep/
https://iprice.my/peripera/makeup/face/,12/10/18,https://iprice.vn/peripera/trang-diem/mat/
https://iprice.my/le-cortina-by-andrea-ventura/shoes/boots/,12/10/18,https://iprice.hk/le-cortina-by-andrea-ventura/shoes/boots/
https://iprice.my/100/toys/party-supplies/,12/9/18,https://iprice.co.id/100/mainan/perlengkapan-pesta/
https://iprice.my/avon/kids-clothing/,12/9/18,https://iprice.co.id/avon/pakaian-anak/
https://iprice.my/bohemia/clothing/scarves/,12/9/18,https://iprice.co.id/bohemia/pakaian/syal/
https://iprice.my/cross/clothing/men/,12/9/18,https://iprice.co.id/cross/pakaian/pria/
https://iprice.my/esp/clothing/,12/9/18,https://iprice.co.id/esp/pakaian/
https://iprice.my/flamingo/phones-tablets/accessories/,12/9/18,https://iprice.co.id/flamingo/ponsel-tablet/aksesoris/
https://iprice.my/handmade/bags/women/,12/9/18,https://iprice.co.id/handmade/tas/wanita/
https://iprice.my/jaguar/eyecare/,12/9/18,https://iprice.co.id/jaguar/perawatan-mata/
https://iprice.my/kala/clothing/,12/9/18,https://iprice.co.id/kala/pakaian/
https://iprice.my/one-piece/kids-clothing/,12/9/18,https://iprice.co.id/one-piece/pakaian-anak/
https://iprice.my/smart/phones-tablets/accessories/cable-chargers/,12/9/18,https://iprice.co.id/smart/ponsel-tablet/aksesoris/kabel-charger/
https://iprice.my/summer/bags/women/backpacks/,12/9/18,https://iprice.co.id/summer/tas/wanita/ransel/
https://iprice.my/supreme/clothing/men/,12/9/18,https://iprice.co.id/supreme/pakaian/pria/
https://iprice.my/supreme/clothing/women/,12/9/18,https://iprice.co.id/supreme/pakaian/wanita/
https://iprice.my/velvet/bags/wallets/,12/9/18,https://iprice.co.id/velvet/tas/dompet/
https://iprice.my/za/clothing/hijabs/,12/9/18,https://iprice.co.id/za/pakaian/jilbab/
https://iprice.my/360dsc/bathroom/shower/curtains/,12/9/18,https://iprice.ph/360dsc/bathroom/shower/curtains/
https://iprice.my/adidas/clothing/men/t-shirts/round-neck/,12/9/18,https://iprice.ph/adidas/clothing/men/t-shirts/round-neck/
https://iprice.my/avon/kids-clothing/,12/9/18,https://iprice.ph/avon/kids-clothing/
https://iprice.my/ez/camera-photo/cctv/,12/9/18,https://iprice.ph/ez/camera-photo/cctv/
https://iprice.my/handmade/bags/women/,12/9/18,https://iprice.ph/handmade/bags/women/
https://iprice.my/jaguar/eyecare/,12/9/18,https://iprice.ph/jaguar/eyecare/
https://iprice.my/m2/kids-clothing/,12/9/18,https://iprice.ph/m2/kids-clothing/
https://iprice.my/mel/skin-care/face/,12/9/18,https://iprice.ph/mel/skin-care/face/
https://iprice.my/mon-purse/bags/handbags/pouches/,12/9/18,https://iprice.ph/mon-purse/bags/handbags/pouches/
https://iprice.my/nike/tanjun/shoes/sports/,12/9/18,https://iprice.ph/nike/tanjun/shoes/sports/
https://iprice.my/romwe/clothing/dresses/maxi/,12/9/18,https://iprice.ph/romwe/clothing/dresses/maxi/
https://iprice.my/shein/clothing/jumpsuits/,12/9/18,https://iprice.ph/shein/clothing/jumpsuits/
https://iprice.my/supreme/clothing/women/,12/9/18,https://iprice.ph/supreme/clothing/women/
https://iprice.my/xiaomi/kitchen-dining/,12/9/18,https://iprice.ph/xiaomi/kitchen-dining/
https://iprice.my/100/hair-care/treatments/serums/,12/9/18,https://ipricethailand.com/100/%E0%B8%9C%E0%B8%A5%E0%B8%95%E0%B8%A0%E0%B8%93%E0%B8%91%E0%B8%94%E0%B9%81%E0%B8%A5%E0%B9%80%E0%B8%AA%E0%B8%99%E0%B8%9C%E0%B8%A1/%E0%B8%97%E0%B8%A3%E0%B8%97%E0%B9%80%E0%B8%A1%E0%B8%99%E0%B8%97/%E0%B9%80%E0%B8%8B%E0%B8%A3%E0%B8%A1/
https://iprice.my/bigen/makeup/,12/9/18,https://ipricethailand.com/bigen/%E0%B9%80%E0%B8%84%E0%B8%A3%E0%B8%AD%E0%B8%87%E0%B8%AA%E0%B8%B3%E0%B8%AD%E0%B8%B2%E0%B8%87/
https://iprice.my/dqdk/jewellery/necklaces/,12/9/18,https://ipricethailand.com/dqdk/%E0%B9%80%E0%B8%84%E0%B8%A3%E0%B8%AD%E0%B8%87%E0%B8%9B%E0%B8%A3%E0%B8%B0%E0%B8%94%E0%B8%9A/%E0%B8%AA%E0%B8%A3%E0%B8%AD%E0%B8%A2%E0%B8%84%E0%B8%AD/
https://iprice.my/esp/clothing/,12/9/18,https://ipricethailand.com/esp/%E0%B9%80%E0%B8%84%E0%B8%A3%E0%B8%AD%E0%B8%87%E0%B9%81%E0%B8%95%E0%B8%87%E0%B8%81%E0%B8%B2%E0%B8%A2/
https://iprice.my/kiwi/housekeeping/floor-care/detergents/,12/9/18,https://ipricethailand.com/kiwi/%E0%B8%AD%E0%B8%9B%E0%B8%81%E0%B8%A3%E0%B8%93%E0%B8%97%E0%B8%B3%E0%B8%84%E0%B8%A7%E0%B8%B2%E0%B8%A1%E0%B8%AA%E0%B8%B0%E0%B8%AD%E0%B8%B2%E0%B8%94%E0%B8%9A%E0%B8%B2%E0%B8%99/%E0%B8%94%E0%B9%81%E0%B8%A5%E0%B8%A3%E0%B8%81%E0%B8%A9%E0%B8%B2%E0%B8%9E%E0%B8%99/%E0%B8%99%E0%B8%B3%E0%B8%A2%E0%B8%B2%E0%B8%96%E0%B8%9E%E0%B8%99/
https://iprice.my/nike/tanjun/shoes/sports/,12/9/18,https://ipricethailand.com/nike/tanjun/%E0%B8%A3%E0%B8%AD%E0%B8%87%E0%B9%80%E0%B8%97%E0%B8%B2/%E0%B8%81%E0%B8%AC%E0%B8%B2/
https://iprice.my/sam/phones-tablets/accessories/,12/9/18,https://ipricethailand.com/sam/%E0%B9%82%E0%B8%97%E0%B8%A3%E0%B8%A8%E0%B8%9E%E0%B8%97%E0%B9%81%E0%B8%A5%E0%B8%B0%E0%B9%81%E0%B8%97%E0%B8%9A%E0%B9%80%E0%B8%A5%E0%B8%95/%E0%B8%AD%E0%B8%9B%E0%B8%81%E0%B8%A3%E0%B8%93%E0%B9%80%E0%B8%AA%E0%B8%A3%E0%B8%A1/
https://iprice.my/ueelr/audio-hi-fi/headphones/in-ear/,12/9/18,https://ipricethailand.com/ueelr/%E0%B9%80%E0%B8%84%E0%B8%A3%E0%B8%AD%E0%B8%87%E0%B9%80%E0%B8%AA%E0%B8%A2%E0%B8%87%E0%B9%81%E0%B8%A5%E0%B8%B0-hi-fi/%E0%B8%AB%E0%B8%9F%E0%B8%87/in-ear/
https://iprice.my/yaqin/jewellery/,12/9/18,https://ipricethailand.com/yaqin/%E0%B9%80%E0%B8%84%E0%B8%A3%E0%B8%AD%E0%B8%87%E0%B8%9B%E0%B8%A3%E0%B8%B0%E0%B8%94%E0%B8%9A/
https://iprice.my/adidas/clothing/men/t-shirts/round-neck/,12/9/18,https://iprice.sg/adidas/clothing/men/t-shirts/round-neck/
https://iprice.my/avon/kids-clothing/,12/9/18,https://iprice.sg/avon/kids-clothing/
https://iprice.my/dd-oo/shoes/flats/,12/9/18,https://iprice.sg/dd-oo/shoes/flats/
https://iprice.my/nike/tanjun/shoes/sports/,12/9/18,https://iprice.sg/nike/tanjun/shoes/sports/
https://iprice.my/queen/clothing/muslimah/,12/9/18,https://iprice.sg/queen/clothing/muslimah/
https://iprice.my/shein/clothing/jumpsuits/,12/9/18,https://iprice.sg/shein/clothing/jumpsuits/
https://iprice.my/supreme/clothing/men/,12/9/18,https://iprice.sg/supreme/clothing/men/
https://iprice.my/xiaomi/kitchen-dining/,12/9/18,https://iprice.sg/xiaomi/kitchen-dining/
https://iprice.my/360dsc/bathroom/shower/curtains/,12/9/18,https://iprice.vn/360dsc/phong-tam/voi-sen/rem-chan/
https://iprice.my/avon/kids-clothing/,12/9/18,https://iprice.vn/avon/quan-ao-tre-em/
https://iprice.my/handmade/bags/women/,12/9/18,https://iprice.vn/handmade/tui/nu/
https://iprice.my/m2/kids-clothing/,12/9/18,https://iprice.vn/m2/quan-ao-tre-em/
https://iprice.my/summer/bags/women/backpacks/,12/9/18,https://iprice.vn/summer/tui/nu/ba-lo/
https://iprice.my/supreme/clothing/women/,12/9/18,https://iprice.vn/supreme/quan-ao/nu/
https://iprice.my/tevise/watches/men/analogue/,12/9/18,https://iprice.vn/tevise/dong-ho/nam/kieu-truyen-thong/
https://iprice.my/dr-martens/metallic/,12/9/18,https://iprice.hk/dr-martens/metallic/
https://iprice.my/jaguar/eyecare/,12/9/18,https://iprice.hk/jaguar/eyecare/
https://iprice.my/noah-nyc/clothing/,12/9/18,https://iprice.hk/noah-nyc/clothing/
https://iprice.my/b-bag/bags/,12/8/18,https://iprice.co.id/b-bag/tas/
https://iprice.my/jam/watches/men/,12/8/18,https://iprice.co.id/jam/jam-tangan/pria/
https://iprice.my/lock-lock/bags/,12/8/18,https://iprice.co.id/lock-lock/tas/
https://iprice.my/ele/computing/hardware/,12/8/18,https://iprice.ph/ele/computing/hardware/
https://iprice.my/little-eleven-paris/clothing/t-shirts/,12/8/18,https://iprice.ph/little-eleven-paris/clothing/t-shirts/
https://iprice.my/romwe/clothing/shorts/,12/8/18,https://iprice.ph/romwe/clothing/shorts/
https://iprice.my/uni/clothing/men/hoodies-and-sweatshirts/,12/8/18,https://iprice.ph/uni/clothing/men/hoodies-and-sweatshirts/
https://iprice.my/vero-moda/shoes/sandals/,12/8/18,https://iprice.ph/vero-moda/shoes/sandals/
https://iprice.my/360dsc/bags/schools/,12/8/18,https://iprice.sg/360dsc/bags/schools/
https://iprice.my/gucci-shoes/shoes/,12/8/18,https://iprice.sg/gucci-shoes/shoes/
https://iprice.my/pur/women/,12/8/18,https://iprice.sg/pur/women/
https://iprice.my/b-bag/bags/,12/8/18,https://iprice.vn/b-bag/tui/
https://iprice.my/lock-lock/bags/,12/8/18,https://iprice.vn/lock-lock/tui/
https://iprice.my/uni/clothing/men/,12/8/18,https://iprice.vn/uni/quan-ao/nam/
https://iprice.my/360dsc/bags/travel/,12/7/18,https://iprice.co.id/360dsc/tas/travel/
https://iprice.my/almira/,12/7/18,https://iprice.co.id/almira/
https://iprice.my/baby-clothing/men/jackets/,12/7/18,https://iprice.co.id/pakaian-bayi/pria/jaket/
https://iprice.my/building-block/toys/building/,12/7/18,https://iprice.co.id/building-block/mainan/bangunan/
https://iprice.my/china-oem/bags/travel/luggage/,12/7/18,https://iprice.co.id/china-oem/tas/travel/koper/
https://iprice.my/crazy-toys/toys/,12/7/18,https://iprice.co.id/crazy-toys/mainan/
https://iprice.my/essence/makeup/lips/lipgloss/,12/7/18,https://iprice.co.id/essence/makeup/bibir/lipgloss/
https://iprice.my/happy-baby/feeding/baby-foods/snack/,12/7/18,https://iprice.co.id/happy-baby/pemberian-makanan/makanan-bayi/makanan-ringan/
https://iprice.my/hello-kitty/phones-tablets/accessories/cable-chargers/,12/7/18,https://iprice.co.id/hello-kitty/ponsel-tablet/aksesoris/kabel-charger/
https://iprice.my/jam/watches/men/digital/,12/7/18,https://iprice.co.id/jam/jam-tangan/pria/digital/
https://iprice.my/ldnio/phones-tablets/accessories/,12/7/18,https://iprice.co.id/ldnio/ponsel-tablet/aksesoris/
https://iprice.my/mutant/food-supplements/protein-powders/,12/7/18,https://iprice.co.id/mutant/suplemen-olahraga/bubuk-protein/
https://iprice.my/rainbow/clothing/raincoats/,12/7/18,https://iprice.co.id/rainbow/pakaian/jas-hujan/
https://iprice.my/romwe/clothing/t-shirts/,12/7/18,https://iprice.co.id/romwe/pakaian/kaos/
https://iprice.my/sailor-moon/phones-tablets/accessories/,12/7/18,https://iprice.co.id/sailor-moon/ponsel-tablet/aksesoris/
https://iprice.my/sesame-street/phones-tablets/accessories/cases-covers/,12/7/18,https://iprice.co.id/sesame-street/ponsel-tablet/aksesoris/sarung-penutup/
https://iprice.my/snoopy/phones-tablets/,12/7/18,https://iprice.co.id/snoopy/ponsel-tablet/
https://iprice.my/summer/phones-tablets/,12/7/18,https://iprice.co.id/summer/ponsel-tablet/
https://iprice.my/chi/bags/schools/,12/7/18,https://iprice.ph/chi/bags/schools/
https://iprice.my/cos/kids-clothing/,12/7/18,https://iprice.ph/cos/kids-clothing/
https://iprice.my/daiwa/clothing/men/,12/7/18,https://iprice.ph/daiwa/clothing/men/
https://iprice.my/deli/shoes/sports/basketball/,12/7/18,https://iprice.ph/deli/shoes/sports/basketball/
https://iprice.my/gu/watches/,12/7/18,https://iprice.ph/gu/watches/
https://iprice.my/honhx/watches/kids/,12/7/18,https://iprice.ph/honhx/watches/kids/
https://iprice.my/lucky-baby/clothing/dresses/,12/7/18,https://iprice.ph/lucky-baby/clothing/dresses/
https://iprice.my/mamas-papas/clothing/,12/7/18,https://iprice.ph/mamas-papas/clothing/
https://iprice.my/mutant/food-supplements/protein-powders/,12/7/18,https://iprice.ph/mutant/food-supplements/protein-powders/
https://iprice.my/rainbow/clothing/raincoats/,12/7/18,https://iprice.ph/rainbow/clothing/raincoats/
https://iprice.my/romwe/clothing/t-shirts/,12/7/18,https://iprice.ph/romwe/clothing/t-shirts/
https://iprice.my/sexemara/kids-clothing/,12/7/18,https://iprice.ph/sexemara/kids-clothing/
https://iprice.my/shein/clothing/dresses/casual/,12/7/18,https://iprice.ph/shein/clothing/dresses/casual/
https://iprice.my/taobao-collection/,12/7/18,https://iprice.ph/taobao-collection/
https://iprice.my/essence/makeup/lips/lipgloss/,12/7/18,https://ipricethailand.com/essence/%E0%B9%80%E0%B8%84%E0%B8%A3%E0%B8%AD%E0%B8%87%E0%B8%AA%E0%B8%B3%E0%B8%AD%E0%B8%B2%E0%B8%87/%E0%B8%A5%E0%B8%9B/%E0%B8%A5%E0%B8%9B%E0%B8%81%E0%B8%A5%E0%B8%AD%E0%B8%AA/
https://iprice.my/garmin/phones-tablets/accessories/cable-chargers/,12/7/18,https://ipricethailand.com/garmin/%E0%B9%82%E0%B8%97%E0%B8%A3%E0%B8%A8%E0%B8%9E%E0%B8%97%E0%B9%81%E0%B8%A5%E0%B8%B0%E0%B9%81%E0%B8%97%E0%B8%9A%E0%B9%80%E0%B8%A5%E0%B8%95/%E0%B8%AD%E0%B8%9B%E0%B8%81%E0%B8%A3%E0%B8%93%E0%B9%80%E0%B8%AA%E0%B8%A3%E0%B8%A1/%E0%B8%97%E0%B8%8A%E0%B8%B2%E0%B8%A3%E0%B8%88/
https://iprice.my/home/appliances/irons/,12/7/18,https://ipricethailand.com/home/%E0%B9%80%E0%B8%84%E0%B8%A3%E0%B8%AD%E0%B8%87%E0%B9%83%E0%B8%8A%E0%B9%84%E0%B8%9F%E0%B8%9F%E0%B8%B2/%E0%B9%80%E0%B8%95%E0%B8%B2%E0%B8%A3%E0%B8%94/
https://iprice.my/honeywell/home-decor/,12/7/18,https://ipricethailand.com/honeywell/%E0%B8%82%E0%B8%AD%E0%B8%87%E0%B8%95%E0%B8%81%E0%B9%81%E0%B8%95%E0%B8%87%E0%B8%9A%E0%B8%B2%E0%B8%99/
https://iprice.my/honhx/watches/kids/,12/7/18,https://ipricethailand.com/honhx/%E0%B8%99%E0%B8%B2%E0%B8%AC%E0%B8%81%E0%B8%B2%E0%B8%82%E0%B8%AD%E0%B8%A1%E0%B8%AD/%E0%B8%AA%E0%B8%B3%E0%B8%AB%E0%B8%A3%E0%B8%9A%E0%B9%80%E0%B8%94%E0%B8%81/
https://iprice.my/jinding/appliances/electric-shavers/,12/7/18,https://ipricethailand.com/jinding/%E0%B9%80%E0%B8%84%E0%B8%A3%E0%B8%AD%E0%B8%87%E0%B9%83%E0%B8%8A%E0%B9%84%E0%B8%9F%E0%B8%9F%E0%B8%B2/%E0%B9%80%E0%B8%84%E0%B8%A3%E0%B8%AD%E0%B8%87%E0%B9%82%E0%B8%81%E0%B8%99%E0%B8%AB%E0%B8%99%E0%B8%A7%E0%B8%94%E0%B9%84%E0%B8%9F%E0%B8%9F%E0%B8%B2/
https://iprice.my/ldnio/phones-tablets/accessories/,12/7/18,https://ipricethailand.com/ldnio/%E0%B9%82%E0%B8%97%E0%B8%A3%E0%B8%A8%E0%B8%9E%E0%B8%97%E0%B9%81%E0%B8%A5%E0%B8%B0%E0%B9%81%E0%B8%97%E0%B8%9A%E0%B9%80%E0%B8%A5%E0%B8%95/%E0%B8%AD%E0%B8%9B%E0%B8%81%E0%B8%A3%E0%B8%93%E0%B9%80%E0%B8%AA%E0%B8%A3%E0%B8%A1/
https://iprice.my/other/bags/,12/7/18,https://ipricethailand.com/other/%E0%B8%81%E0%B8%A3%E0%B8%B0%E0%B9%80%E0%B8%9B%E0%B8%B2/
https://iprice.my/sesame-street/phones-tablets/accessories/cases-covers/,12/7/18,https://ipricethailand.com/sesame-street/%E0%B9%82%E0%B8%97%E0%B8%A3%E0%B8%A8%E0%B8%9E%E0%B8%97%E0%B9%81%E0%B8%A5%E0%B8%B0%E0%B9%81%E0%B8%97%E0%B8%9A%E0%B9%80%E0%B8%A5%E0%B8%95/%E0%B8%AD%E0%B8%9B%E0%B8%81%E0%B8%A3%E0%B8%93%E0%B9%80%E0%B8%AA%E0%B8%A3%E0%B8%A1/%E0%B9%80%E0%B8%84%E0%B8%AA/
https://iprice.my/sexemara/kids-clothing/,12/7/18,https://ipricethailand.com/sexemara/%E0%B9%80%E0%B8%84%E0%B8%A3%E0%B8%AD%E0%B8%87%E0%B9%81%E0%B8%95%E0%B8%87%E0%B8%81%E0%B8%B2%E0%B8%A2%E0%B8%AA%E0%B8%B3%E0%B8%AB%E0%B8%A3%E0%B8%9A%E0%B9%80%E0%B8%94%E0%B8%81/
https://iprice.my/zh/bathroom/,12/7/18,https://ipricethailand.com/zh/%E0%B8%AB%E0%B8%AD%E0%B8%87%E0%B8%99%E0%B8%B3/
https://iprice.my/cos/kids-clothing/,12/7/18,https://iprice.sg/cos/kids-clothing/
https://iprice.my/enuotek/,12/7/18,https://iprice.sg/enuotek/
https://iprice.my/happy-baby/feeding/baby-foods/snack/,12/7/18,https://iprice.sg/happy-baby/feeding/baby-foods/snack/
https://iprice.my/honeywell/home-decor/,12/7/18,https://iprice.sg/honeywell/home-decor/
https://iprice.my/mango/baby-clothing/dresses/,12/7/18,https://iprice.sg/mango/baby-clothing/dresses/
https://iprice.my/sexemara/kids-clothing/,12/7/18,https://iprice.sg/sexemara/kids-clothing/
https://iprice.my/snoopy/phones-tablets/,12/7/18,https://iprice.sg/snoopy/phones-tablets/
https://iprice.my/romwe/clothing/t-shirts/,12/7/18,https://iprice.hk/romwe/clothing/t-shirts/
https://iprice.my/adidas/original/fxg/,12/6/18,https://iprice.co.id/adidas/original/fxg/
https://iprice.my/catwalk/outdoor-garden/lawn/,12/6/18,https://iprice.co.id/catwalk/perlengkapan-taman/halaman-rumah/
https://iprice.my/china-oem/home-decor/other-decorations/artificial-flowers/,12/6/18,https://iprice.co.id/china-oem/dekorasi-rumah/dekorasi-lainnya/bunga-palsu/
https://iprice.my/dayday/kids-clothing/,12/6/18,https://iprice.co.id/dayday/pakaian-anak/
https://iprice.my/home/home-improvement/,12/6/18,https://iprice.co.id/home/perbaikan-rumah/
https://iprice.my/kr/women/,12/6/18,https://iprice.co.id/kr/wanita/
https://iprice.my/nine-west/makeup/face/,12/6/18,https://iprice.co.id/nine-west/makeup/wajah/
https://iprice.my/quechua/bags/men/,12/6/18,https://iprice.co.id/quechua/tas/pria/
https://iprice.my/blu/audio-hi-fi/,12/6/18,https://iprice.ph/blu/audio-hi-fi/
https://iprice.my/home/home-improvement/,12/6/18,https://iprice.ph/home/home-improvement/
https://iprice.my/kr/men/,12/6/18,https://iprice.ph/kr/men/
https://iprice.my/miss-bikini/clothing/women/swimwear/bikinis/,12/6/18,https://iprice.ph/miss-bikini/clothing/women/swimwear/bikinis/
https://iprice.my/syomirizwa-gupta-for-zalora/women/,12/6/18,https://iprice.ph/syomirizwa-gupta-for-zalora/women/
https://iprice.my/tag-heuer/phones-tablets/smartwatches/,12/6/18,https://iprice.ph/tag-heuer/phones-tablets/smartwatches/
https://iprice.my/botany/,12/6/18,https://ipricethailand.com/botany/
https://iprice.my/eagle-eye/,12/6/18,https://ipricethailand.com/eagle-eye/
https://iprice.my/moroccanoil/women/,12/6/18,https://ipricethailand.com/moroccanoil/%E0%B8%9C%E0%B8%AB%E0%B8%8D%E0%B8%87/
https://iprice.my/nike/bedroom/,12/6/18,https://ipricethailand.com/nike/%E0%B8%AB%E0%B8%AD%E0%B8%87%E0%B8%99%E0%B8%AD%E0%B8%99/
https://iprice.my/titan/bath-body/,12/6/18,https://ipricethailand.com/titan/%E0%B8%9C%E0%B8%A5%E0%B8%95%E0%B8%A0%E0%B8%93%E0%B8%91%E0%B8%94%E0%B9%81%E0%B8%A5%E0%B9%81%E0%B8%A5%E0%B8%B0%E0%B8%97%E0%B8%B3%E0%B8%84%E0%B8%A7%E0%B8%B2%E0%B8%A1%E0%B8%AA%E0%B8%B0%E0%B8%AD%E0%B8%B2%E0%B8%94%E0%B8%9C%E0%B8%A7%E0%B8%81%E0%B8%B2%E0%B8%A2/
https://iprice.my/tefal/kitchen-dining/knives/chefs/,12/6/18,https://iprice.sg/tefal/kitchen-dining/knives/chefs/
https://iprice.my/eom/baby-gear/activity/walkers/,12/6/18,https://iprice.vn/eom/san-pham-vat-dung-cho-be/van-dong/xe-tap-di/
https://iprice.my/givi/bags/sling/,12/6/18,https://iprice.vn/givi/tui/deo/
https://iprice.my/anello/bags/women/backpacks/,12/5/18,https://iprice.co.id/anello/tas/wanita/ransel/
https://iprice.my/biogreen/supplements/vitamins/,12/5/18,https://iprice.co.id/biogreen/suplemen-makanan/vitamin/
https://iprice.my/cotton-belt/clothing/t-shirts/,12/5/18,https://iprice.co.id/cotton-belt/pakaian/kaos/
https://iprice.my/dc/bags/backpacks/,12/5/18,https://iprice.co.id/dc/tas/ransel/
https://iprice.my/h-m/clothing/t-shirts/,12/5/18,https://iprice.co.id/h-m/pakaian/kaos/
https://iprice.my/jingle/makeup/eyes/eyeshadows/,12/5/18,https://iprice.co.id/jingle/makeup/mata/eye-shadow/
https://iprice.my/lacoste/clothing/sportswear/tracksuits/,12/5/18,https://iprice.co.id/lacoste/pakaian/olahraga/tracksuit/
https://iprice.my/lp-support/medical-supplies/injury-support/,12/5/18,https://iprice.co.id/lp-support/alat-medis/terapi-cedera/
https://iprice.my/miniso/makeup/,12/5/18,https://iprice.co.id/miniso/makeup/
https://iprice.my/tic-toc/,12/5/18,https://iprice.co.id/tic-toc/
https://iprice.my/wyeth-s26/,12/5/18,https://iprice.co.id/wyeth-s26/
https://iprice.my/miniso/makeup/,12/5/18,https://iprice.ph/miniso/makeup/
https://iprice.my/anello/bags/women/backpacks/,12/5/18,https://ipricethailand.com/anello/%E0%B8%81%E0%B8%A3%E0%B8%B0%E0%B9%80%E0%B8%9B%E0%B8%B2/%E0%B8%9C%E0%B8%AB%E0%B8%8D%E0%B8%87/%E0%B9%80%E0%B8%9B%E0%B8%AA%E0%B8%B0%E0%B8%9E%E0%B8%B2%E0%B8%A2%E0%B8%AB%E0%B8%A5%E0%B8%87/
https://iprice.my/dc/bags/backpacks/,12/5/18,https://ipricethailand.com/dc/%E0%B8%81%E0%B8%A3%E0%B8%B0%E0%B9%80%E0%B8%9B%E0%B8%B2/%E0%B9%80%E0%B8%9B%E0%B8%AA%E0%B8%B0%E0%B8%9E%E0%B8%B2%E0%B8%A2%E0%B8%AB%E0%B8%A5%E0%B8%87/
https://iprice.my/h-m/clothing/t-shirts/,12/5/18,https://ipricethailand.com/h-m/%E0%B9%80%E0%B8%84%E0%B8%A3%E0%B8%AD%E0%B8%87%E0%B9%81%E0%B8%95%E0%B8%87%E0%B8%81%E0%B8%B2%E0%B8%A2/%E0%B9%80%E0%B8%AA%E0%B8%AD%E0%B8%A2%E0%B8%94/
https://iprice.my/miniso/makeup/,12/5/18,https://ipricethailand.com/miniso/%E0%B9%80%E0%B8%84%E0%B8%A3%E0%B8%AD%E0%B8%87%E0%B8%AA%E0%B8%B3%E0%B8%AD%E0%B8%B2%E0%B8%87/
https://iprice.my/nian-jeep/shoes/sandals/,12/5/18,https://ipricethailand.com/nian-jeep/%E0%B8%A3%E0%B8%AD%E0%B8%87%E0%B9%80%E0%B8%97%E0%B8%B2/%E0%B8%A3%E0%B8%AD%E0%B8%87%E0%B9%80%E0%B8%97%E0%B8%B2%E0%B9%81%E0%B8%95%E0%B8%B0/
https://iprice.my/twitter/,12/5/18,https://ipricethailand.com/twitter/
https://iprice.my/yuebo/shoes/flats/,12/5/18,https://ipricethailand.com/yuebo/%E0%B8%A3%E0%B8%AD%E0%B8%87%E0%B9%80%E0%B8%97%E0%B8%B2/%E0%B8%AA%E0%B8%99%E0%B9%81%E0%B8%9A%E0%B8%99/
https://iprice.my/klasse14/,12/5/18,https://iprice.sg/klasse14/
https://iprice.my/lacoste/clothing/sportswear/tracksuits/,12/5/18,https://iprice.sg/lacoste/clothing/sportswear/tracksuits/
https://iprice.my/miniso/makeup/,12/5/18,https://iprice.sg/miniso/makeup/
https://iprice.my/h-m/clothing/t-shirts/,12/5/18,https://iprice.vn/h-m/quan-ao/ao-thun/
https://iprice.my/miniso/makeup/,12/5/18,https://iprice.vn/miniso/trang-diem/
https://iprice.my/nike/zoom/shoes/sports/football-futsal/,12/5/18,https://iprice.vn/nike/zoom/giay-dep/the-thao/da-bong/
https://iprice.my/adidas/original/bags/waist/,12/4/18,https://iprice.co.id/adidas/original/tas/pinggang/
https://iprice.my/home/bath-body/,12/4/18,https://iprice.co.id/home/perlengkapan-mandi-tubuh/
https://iprice.my/miniso/dental-care/toothbrushes/,12/4/18,https://iprice.co.id/miniso/perawatan-mulut/sikat-gigi/
https://iprice.my/bags/men/cooler/,12/4/18,https://iprice.ph/bags/men/cooler/
https://iprice.my/funny/groceries/,12/4/18,https://iprice.ph/funny/groceries/
https://iprice.my/safari/toys/action-figures/,12/4/18,https://iprice.ph/safari/toys/action-figures/
https://iprice.my/bags/men/cooler/,12/4/18,https://ipricethailand.com/%E0%B8%81%E0%B8%A3%E0%B8%B0%E0%B9%80%E0%B8%9B%E0%B8%B2/%E0%B8%9C%E0%B8%8A%E0%B8%B2%E0%B8%A2/%E0%B9%80%E0%B8%81%E0%B8%9A%E0%B8%84%E0%B8%A7%E0%B8%B2%E0%B8%A1%E0%B9%80%E0%B8%A2%E0%B8%99/
https://iprice.my/jaditoner/computing/accessories/ink-cartridges/,12/4/18,https://ipricethailand.com/jaditoner/%E0%B8%AD%E0%B8%9B%E0%B8%81%E0%B8%A3%E0%B8%93%E0%B8%84%E0%B8%AD%E0%B8%A1%E0%B8%9E%E0%B8%A7%E0%B9%80%E0%B8%95%E0%B8%AD%E0%B8%A3/%E0%B8%AD%E0%B8%9B%E0%B8%81%E0%B8%A3%E0%B8%93%E0%B9%80%E0%B8%AA%E0%B8%A3%E0%B8%A1/%E0%B8%95%E0%B8%A5%E0%B8%9A%E0%B8%AB%E0%B8%A1%E0%B8%81/
https://iprice.my/jreka/clothing/pants/harem/,12/4/18,https://ipricethailand.com/jreka/%E0%B9%80%E0%B8%84%E0%B8%A3%E0%B8%AD%E0%B8%87%E0%B9%81%E0%B8%95%E0%B8%87%E0%B8%81%E0%B8%B2%E0%B8%A2/%E0%B8%81%E0%B8%B2%E0%B8%87%E0%B9%80%E0%B8%81%E0%B8%87/%E0%B8%AE%E0%B8%B2%E0%B9%80%E0%B8%A3%E0%B8%A1/
https://iprice.my/bags/men/cooler/,12/4/18,https://iprice.sg/bags/men/cooler/
https://iprice.my/es/women/,12/3/18,https://iprice.co.id/es/wanita/
https://iprice.my/es/women/,12/3/18,https://iprice.ph/es/women/
https://iprice.my/burberry/toys/,12/2/18,https://iprice.co.id/burberry/mainan/
https://iprice.my/converse/watches/,11/26/18,https://iprice.co.id/converse/jam-tangan/
https://iprice.my/converse/watches/,11/26/18,https://ipricethailand.com/converse/%E0%B8%99%E0%B8%B2%E0%B8%AC%E0%B8%81%E0%B8%B2%E0%B8%82%E0%B8%AD%E0%B8%A1%E0%B8%AD/
https://iprice.my/skmei/toys/,11/26/18,https://iprice.vn/skmei/do-choi/
https://iprice.my/dolce-gabbana/shoes/platforms/,11/25/18,https://ipricethailand.com/dolce-gabbana/%E0%B8%A3%E0%B8%AD%E0%B8%87%E0%B9%80%E0%B8%97%E0%B8%B2/%E0%B8%AA%E0%B8%99%E0%B8%95%E0%B8%81/
https://iprice.my/the-fix/shoes/sandals/,11/24/18,https://iprice.sg/the-fix/shoes/sandals/
https://iprice.my/hugo-boss/shoes/men/loafers/,11/23/18,https://iprice.co.id/hugo-boss/sepatu/pria/loafer/
https://iprice.my/hugo-boss/shoes/men/loafers/,11/23/18,https://iprice.ph/hugo-boss/shoes/men/loafers/
https://iprice.my/hugo-boss/shoes/men/loafers/,11/23/18,https://iprice.hk/hugo-boss/shoes/men/loafers/
https://iprice.my/logan/clothing/,11/22/18,https://iprice.ph/logan/clothing/
https://iprice.my/meyer/appliances/,11/22/18,https://ipricethailand.com/meyer/%E0%B9%80%E0%B8%84%E0%B8%A3%E0%B8%AD%E0%B8%87%E0%B9%83%E0%B8%8A%E0%B9%84%E0%B8%9F%E0%B8%9F%E0%B8%B2/
https://iprice.my/logan/clothing/,11/22/18,https://iprice.vn/logan/quan-ao/
https://iprice.my/mdi/kitchen-dining/tableware/,11/18/18,https://iprice.ph/mdi/kitchen-dining/tableware/
https://iprice.my/converse/star-player/clothing/,11/17/18,https://iprice.co.id/converse/star-player/pakaian/
https://iprice.my/missoni-home/kitchen-dining/linen/cloth-napkins/,11/17/18,https://iprice.co.id/missoni-home/dapur-ruang-makan/linen/serbet/
https://iprice.my/pretty/clothing/women/,11/16/18,https://iprice.co.id/pretty/pakaian/wanita/
https://iprice.my/tomei/skin-care/,11/16/18,https://iprice.co.id/tomei/perawatan-kulit/
https://iprice.my/tomei/skin-care/,11/16/18,https://iprice.ph/tomei/skin-care/
https://iprice.my/adidas/superstar/makeup/,11/16/18,https://ipricethailand.com/adidas/superstar/%E0%B9%80%E0%B8%84%E0%B8%A3%E0%B8%AD%E0%B8%87%E0%B8%AA%E0%B8%B3%E0%B8%AD%E0%B8%B2%E0%B8%87/
https://iprice.my/guerlain/skin-care/eyes/,11/16/18,https://ipricethailand.com/guerlain/%E0%B8%9C%E0%B8%A5%E0%B8%95%E0%B8%A0%E0%B8%93%E0%B8%91%E0%B8%94%E0%B9%81%E0%B8%A5%E0%B8%9C%E0%B8%A7/%E0%B8%94%E0%B8%A7%E0%B8%87%E0%B8%95%E0%B8%B2/
https://iprice.my/superdry/clothing/women/sweaters/,11/16/18,https://iprice.sg/superdry/clothing/women/sweaters/
https://iprice.my/guerlain/skin-care/eyes/,11/16/18,https://iprice.vn/guerlain/cham-soc-da/mat/
https://iprice.my/sorel/groceries/food-cupboard/,11/13/18,https://iprice.ph/sorel/groceries/food-cupboard/
https://iprice.my/xiao/toys/,11/13/18,https://iprice.ph/xiao/toys/
https://iprice.my/xiao/toys/,11/13/18,https://iprice.vn/xiao/do-choi/
https://iprice.my/mageline/groceries/,11/9/18,https://iprice.sg/mageline/groceries/
https://iprice.my/bh-cosmetics/makeup/face/blushers/,11/4/18,https://iprice.co.id/bh-cosmetics/makeup/wajah/perona-pipi/
https://iprice.my/bonia/bags/travel/,11/4/18,https://iprice.co.id/bonia/tas/travel/
https://iprice.my/adidas/clothing/underwear/briefs/,11/4/18,https://iprice.ph/adidas/clothing/underwear/briefs/
https://iprice.my/avon/clothing/men/raglans/,11/4/18,https://iprice.ph/avon/clothing/men/raglans/
https://iprice.my/jakemy/home-improvement/garage-storage/,11/4/18,https://ipricethailand.com/jakemy/%E0%B8%AD%E0%B8%9B%E0%B8%81%E0%B8%A3%E0%B8%93%E0%B8%94%E0%B9%81%E0%B8%A5%E0%B8%A3%E0%B8%81%E0%B8%A9%E0%B8%B2%E0%B9%81%E0%B8%A5%E0%B8%B0%E0%B8%8B%E0%B8%AD%E0%B8%A1%E0%B9%81%E0%B8%8B%E0%B8%A1%E0%B8%9A%E0%B8%B2%E0%B8%99/%E0%B8%97%E0%B9%80%E0%B8%81%E0%B8%9A%E0%B8%AD%E0%B8%9B%E0%B8%81%E0%B8%A3%E0%B8%93%E0%B8%A2%E0%B8%B2%E0%B8%99%E0%B8%A2%E0%B8%99%E0%B8%95/
https://iprice.my/adidas/clothing/underwear/briefs/,11/4/18,https://iprice.sg/adidas/clothing/underwear/briefs/
https://iprice.my/adidas/clothing/underwear/briefs/,11/4/18,https://iprice.vn/adidas/quan-ao/do-lot/quan-lot-brief/
https://iprice.my/eom/bags/backpacks/,11/4/18,https://iprice.vn/eom/tui/ba-lo/
https://iprice.my/salomon/clothing/men/t-shirts/,11/3/18,https://iprice.ph/salomon/clothing/men/t-shirts/
https://iprice.my/sni/clothing/underwear/socks/,11/2/18,https://iprice.co.id/sni/pakaian/dalam/kaos-kaki/
https://iprice.my/element/clothing/men/hoodies-and-sweatshirts/,11/2/18,https://iprice.ph/element/clothing/men/hoodies-and-sweatshirts/
https://iprice.my/death-note/toys/action-figures/,10/31/18,https://iprice.co.id/death-note/mainan/action-figure/
https://iprice.my/death-note/toys/action-figures/,10/31/18,https://iprice.vn/death-note/do-choi/nhan-vat/
https://iprice.my/guou/watches/analogue/,10/29/18,https://ipricethailand.com/guou/%E0%B8%99%E0%B8%B2%E0%B8%AC%E0%B8%81%E0%B8%B2%E0%B8%82%E0%B8%AD%E0%B8%A1%E0%B8%AD/%E0%B8%99%E0%B8%B2%E0%B8%AC%E0%B8%81%E0%B8%B2%E0%B8%AD%E0%B8%99%E0%B8%B2%E0%B8%A5%E0%B8%AD%E0%B8%81/
https://iprice.my/ff/shoes/,10/28/18,https://iprice.co.id/ff/sepatu/
https://iprice.my/bounabay/medical-supplies/blood-pressure/,10/28/18,https://iprice.ph/bounabay/medical-supplies/blood-pressure/
https://iprice.my/ff/shoes/,10/28/18,https://iprice.ph/ff/shoes/
https://iprice.my/ff/shoes/,10/28/18,https://ipricethailand.com/ff/%E0%B8%A3%E0%B8%AD%E0%B8%87%E0%B9%80%E0%B8%97%E0%B8%B2/
https://iprice.my/kaao/,10/28/18,https://ipricethailand.com/kaao/
https://iprice.my/ff/shoes/,10/28/18,https://iprice.vn/ff/giay-dep/
https://iprice.my/converse/clothing/formal-wear/pants/,10/27/18,https://iprice.vn/converse/quan-ao/trang-phuc-cong-so/quan-dai/
https://iprice.my/mon-purse/men/,9/22/18,https://iprice.co.id/mon-purse/pria/
https://iprice.my/primera/makeup/face/,9/19/18,https://ipricethailand.com/primera/%E0%B9%80%E0%B8%84%E0%B8%A3%E0%B8%AD%E0%B8%87%E0%B8%AA%E0%B8%B3%E0%B8%AD%E0%B8%B2%E0%B8%87/%E0%B9%83%E0%B8%9A%E0%B8%AB%E0%B8%99%E0%B8%B2/
https://iprice.my/primera/makeup/face/,9/19/18,https://iprice.vn/primera/trang-diem/mat/
https://iprice.my/kamera-foto/compact/,9/6/18,https://iprice.co.id/kamera-foto/compact/
https://iprice.my/globe/action-sports/,9/5/18,https://iprice.ph/globe/action-sports/
https://iprice.my/other/shoes/boots/,9/5/18,https://ipricethailand.com/other/%E0%B8%A3%E0%B8%AD%E0%B8%87%E0%B9%80%E0%B8%97%E0%B8%B2/%E0%B8%A3%E0%B8%AD%E0%B8%87%E0%B9%80%E0%B8%97%E0%B8%B2%E0%B8%9A%E0%B8%97/
https://iprice.my/shein/clothing/women/jeans/ripped/,9/2/18,https://iprice.ph/shein/clothing/women/jeans/ripped/
https://iprice.my/ikea/kitchen-dining/linen/cloth-napkins/,9/1/18,https://iprice.co.id/ikea/dapur-ruang-makan/linen/serbet/
https://iprice.my/ikea/kitchen-dining/linen/cloth-napkins/,9/1/18,https://ipricethailand.com/ikea/%E0%B8%AB%E0%B8%AD%E0%B8%87%E0%B8%84%E0%B8%A3%E0%B8%A7%E0%B9%81%E0%B8%A5%E0%B8%B0%E0%B8%AB%E0%B8%AD%E0%B8%87%E0%B8%A3%E0%B8%9A%E0%B8%9B%E0%B8%A3%E0%B8%B0%E0%B8%97%E0%B8%B2%E0%B8%99%E0%B8%AD%E0%B8%B2%E0%B8%AB%E0%B8%B2%E0%B8%A3/%E0%B8%9C%E0%B8%B2%E0%B8%81%E0%B8%99%E0%B9%80%E0%B8%9B%E0%B8%AD%E0%B8%99%E0%B9%81%E0%B8%A5%E0%B8%B0%E0%B8%9C%E0%B8%B2%E0%B8%9B%E0%B9%82%E0%B8%95%E0%B8%B0/%E0%B8%9C%E0%B8%B2%E0%B9%80%E0%B8%8A%E0%B8%94%E0%B8%9B%E0%B8%B2%E0%B8%81/
https://iprice.my/brother/skin-care/face/toners/,8/30/18,https://iprice.ph/brother/skin-care/face/toners/
https://iprice.my/tauntte/shoes/sneakers/,8/28/18,https://iprice.sg/tauntte/shoes/sneakers/
https://iprice.my/aidis/watches/digital/,8/27/18,https://iprice.co.id/aidis/jam-tangan/digital/
https://iprice.my/audio-technica/computing/accessories/microphones/,8/27/18,https://iprice.ph/audio-technica/computing/accessories/microphones/
https://iprice.my/aidis/watches/digital/,8/27/18,https://iprice.sg/aidis/watches/digital/
https://iprice.my/versace/camera-photo/accessories/bags/,8/13/18,https://iprice.co.id/versace/kamera-foto/aksesoris/tas/
https://iprice.my/barneys-originals/clothing/men/jackets/,8/9/18,https://iprice.hk/barneys-originals/clothing/men/jackets/
https://iprice.my/oukitel/watches/,8/9/18,https://iprice.hk/oukitel/watches/
https://iprice.my/gianni-feraud/clothing/men/formal-wear/jackets/,8/7/18,https://iprice.ph/gianni-feraud/clothing/men/formal-wear/jackets/
https://iprice.my/mistral/computing/hardware/,8/6/18,https://iprice.sg/mistral/computing/hardware/
https://iprice.my/erpstore/shoes/sandals/gladiator/,8/3/18,https://iprice.vn/erpstore/giay-dep/xang-dan/day/
https://iprice.my/dizoon/,8/2/18,https://iprice.sg/dizoon/
https://iprice.my/compare/philips-55pft6100s,5/26/18,https://iprice.ph/compare/philips-55pft6100s/
https://iprice.my/compare/philips-55pft6100s,5/26/18,https://iprice.sg/compare/philips-55pft6100s/
https://iprice.my/rosegal/shoes/sneakers/slip-on/,4/6/18,https://iprice.hk/rosegal/shoes/sneakers/slip-on/
https://iprice.my/sgn-giancarlo-paoli/shoes/sandals/,3/11/18,https://iprice.co.id/sgn-giancarlo-paoli/sepatu/sandal/
https://iprice.my/sgn-giancarlo-paoli/shoes/sandals/,3/11/18,https://iprice.ph/sgn-giancarlo-paoli/shoes/sandals/
https://iprice.my/sgn-giancarlo-paoli/shoes/sandals/,3/11/18,https://ipricethailand.com/sgn-giancarlo-paoli/%E0%B8%A3%E0%B8%AD%E0%B8%87%E0%B9%80%E0%B8%97%E0%B8%B2/%E0%B8%A3%E0%B8%AD%E0%B8%87%E0%B9%80%E0%B8%97%E0%B8%B2%E0%B9%81%E0%B8%95%E0%B8%B0/
https://iprice.my/sgn-giancarlo-paoli/shoes/sandals/,3/11/18,https://iprice.sg/sgn-giancarlo-paoli/shoes/sandals/
https://iprice.my/sgn-giancarlo-paoli/shoes/sandals/,3/11/18,https://iprice.vn/sgn-giancarlo-paoli/giay-dep/xang-dan/
https://iprice.my/sgn-giancarlo-paoli/shoes/sandals/,3/11/18,https://iprice.hk/sgn-giancarlo-paoli/shoes/sandals/
https://iprice.my/cockcon/clothing/pants/leggings/,3/8/18,https://iprice.co.id/cockcon/pakaian/celana/legging/
https://iprice.my/nk/shoes/sports/running/,3/7/18,https://iprice.ph/nk/shoes/sports/running/
https://iprice.my/microtex/car-accessories/,2/21/18,https://iprice.ph/microtex/car-accessories/
https://iprice.my/ayana/clothing/,2/11/18,https://iprice.co.id/ayana/pakaian/
https://iprice.my/asics/gel/noosa/brown/%7B%7Burl%7D%7D,12/18/17,https://iprice.co.id/asics/gel/noosa/
https://iprice.my/asics/gel/noosa/brown/%7B%7Burl%7D%7D,12/18/17,https://iprice.ph/asics/gel/noosa/
https://iprice.my/asics/gel/noosa/brown/%7B%7Burl%7D%7D,12/18/17,https://ipricethailand.com/asics/gel/noosa/
https://iprice.my/asics/gel/noosa/brown/%7B%7Burl%7D%7D,12/18/17,https://iprice.sg/asics/gel/noosa/